{
    "ambientocclusion": false,
	"textures": {
		"base": "block/lily_pad_base",
		"particle": "block/lily_pad_base",
		"flower": "block/lily_pad_flower_2"
	},
	"elements": [
		{
			"from": [9, 0, 5],
			"to": [15, 2, 11],
			"faces": {
				"north": {"uv": [9, 14, 15, 16], "texture": "#base"},
				"east": {"uv": [5, 14, 11, 16], "texture": "#base"},
				"south": {"uv": [9, 14, 15, 16], "texture": "#base"},
				"west": {"uv": [5, 14, 11, 16], "texture": "#base"},
				"up": {"uv": [9, 5, 15, 11], "texture": "#base"},
				"down": {"uv": [9, 11, 15, 5], "texture": "#base", "cullface": "down"}
			}
		},
		{
			"from": [2, 0, 1],
			"to": [8, 2, 7],
			"faces": {
				"north": {"uv": [2, 14, 8, 16], "texture": "#base"},
				"east": {"uv": [1, 14, 7, 16], "texture": "#base"},
				"south": {"uv": [2, 14, 8, 16], "texture": "#base"},
				"west": {"uv": [1, 14, 7, 16], "texture": "#base"},
				"up": {"uv": [2, 1, 8, 7], "texture": "#base"},
				"down": {"uv": [2, 7, 8, 1], "texture": "#base", "cullface": "down"}
			}
		},
		{
			"from": [2, 0, 9],
			"to": [8, 2, 15],
			"faces": {
				"north": {"uv": [2, 14, 8, 16], "texture": "#base"},
				"east": {"uv": [9, 14, 15, 16], "texture": "#base"},
				"south": {"uv": [2, 14, 8, 16], "texture": "#base"},
				"west": {"uv": [9, 14, 15, 16], "texture": "#base"},
				"up": {"uv": [2, 9, 8, 15], "texture": "#base"},
				"down": {"uv": [2, 15, 8, 9], "texture": "#base", "cullface": "down"}
			}
		},
		{
			"from": [7, 0, 7],
			"to": [9, 3, 9],
			"faces": {
				"north": {"uv": [7, 13, 9, 16], "texture": "#flower"},
				"east": {"uv": [9, 13, 7, 16], "texture": "#flower"},
				"south": {"uv": [7, 13, 9, 16], "texture": "#flower"},
				"west": {"uv": [9, 13, 7, 16], "texture": "#flower"},
				"up": {"uv": [7, 12, 9, 14], "texture": "#flower"},
				"down": {"uv": [7, 15, 9, 16], "texture": "#flower"}
			}
		}
	]
}
//Made by moon